{"临平区|东湖街道玲珑家园小区": [120.30128, 30.44182, "东湖街道"], "萧山区|杭州市萧山区宁围街": [120.27986, 30.21887, "宁围街道"], "上城区|杭州市上城区丁兰街": [120.22329, 30.35516, "丁兰街道"], "滨江区|物业有限公司": [120.21198, 30.20833, "西兴街道"], "临平区|我所住小区": [120.29922, 30.41915, "临平街道"], "余杭区|无短信也无社区": [120.04934, 30.2824, "五常街道"], "余杭区|余杭区同顺街": [120.03858, 30.29082, "五常街道"], "临平区|电气线路": [120.29922, 30.41915, "临平街道"], "上城区|我是杭州市湖滨街": [120.16287, 30.25554, "湖滨街道"], "萧山区|要求村": [120.26426, 30.18412, "北干街道"], "钱塘区|规招标业委会对沿街": [120.49394, 30.32304, "河庄街道"], "钱塘区|湖境观岚湾小区": [120.48369, 30.31181, "河庄街道"], "萧山区|印虹滨府希望道路": [120.30782, 30.18064, "新塘街道"], "拱墅区|和颂春风里小区": [120.14372, 30.36935, "康桥街道"], "余杭区|西溪山庄品霞苑": [119.96045, 30.22684, "余杭街道"], "滨江区|冠塘路炬航弄路": [120.18618, 30.15144, "长河街道"], "余杭区|访云街和景腾北路": [119.97063, 30.28579, "仓前街道"], "萧山区|畅想路与竞才街路": [120.34427, 30.22998, "宁围街道"], "临平区|我是万陈花园": [120.26203, 30.44206, "临平街道"], "拱墅区|本人小区": [120.1415, 30.31913, "拱宸桥街道"], "萧山区|车违法占道建设四路": [120.37462, 30.19776, "瓜沥镇"], "拱墅区|登云路": [120.12751, 30.30909, "小河街道"], "钱塘区|投诉下沙街": [120.32363, 30.29744, "下沙街道"], "西湖区|西湖区三墩镇草鞋桥": [120.05998, 30.33056, "三墩镇"], "萧山区|旁边施工扰民宁围街": [120.27986, 30.21887, "宁围街道"], "钱塘区|杭州市钱塘区白杨街": [120.35083, 30.30686, "白杨街道"], "上城区|地铁线1号线九和路": [120.24518, 30.30188, "彭埠街道"], "临平区|请求开通星桥街": [120.25741, 30.40523, "星桥街道"], "拱墅区|拱墅区特发澜栖府小区": [120.16642, 30.3303, "上塘街道"], "上城区|杭州市上城区九堡街": [120.24769, 30.31306, "彭埠街道"], "临平区|东湖街": [120.30526, 30.42571, "东湖街道"], "余杭区|报位于余杭区余杭街": [119.95369, 30.26971, "余杭街道"], "钱塘区|江东大道快速路": [120.43908, 30.30767, "河庄街道"], "萧山区|让狗在小区": null, "临平区|置业有限公司": [120.29922, 30.41915, "临平街道"], "余杭区|地址在好运街": [120.11589, 30.34894, "良渚街道"], "萧山区|点至六点杭州奥体中心": null, "拱墅区|杭州市拱墅区天水街": [120.1415, 30.31913, "拱宸桥街道"], "滨江区|缤纷东苑": [120.22617, 30.2186, "西兴街道"], "拱墅区|求调查恒享家青年公寓": null, "余杭区|我沿着余杭区良渚街": [120.10413, 30.37734, "良渚街道"], "萧山区|我家住萧山区蜀山街": [120.25071, 30.13282, "蜀山街道"], "临平区|安全隐患位于崇超路": [120.2004, 30.42884, "塘栖镇"], "拱墅区|公共健身区域安装路": null, "滨江区|该是在建设传染病医院": null, "钱塘区|人脸识别系统临江街": [120.49394, 30.32304, "河庄街道"], "钱塘区|市钱塘区下沙凌云街": [120.38197, 30.32798, "白杨街道"], "滨江区|齐虹雅园北门路": [120.19788, 30.19647, "长河街道"], "上城区|存在未取得民办学校": null, "上城区|广场绿化笕桥街道花园": [120.21798, 30.31482, "笕桥街道"], "上城区|21路": [120.19732, 30.22654, "望江街道"], "余杭区|用非机动车道通益路": null, "拱墅区|杭州市拱墅区潮鸣街": [120.18445, 30.2577, "小营街道"], "上城区|想把临安人才市场": null, "上城区|关于杭州德胜快速路": [120.24647, 30.30594, "彭埠街道"], "滨江区|滨安路与建业路": [120.18193, 30.18596, "长河街道"], "拱墅区|音扰民拱墅区湖墅街": [120.14255, 30.30076, "小河街道"], "临平区|临平高铁南站": [120.29922, 30.41915, "临平街道"], "西湖区|关于西湖区荆常大道": [120.1304, 30.25924, "灵隐街道"], "钱塘区|州市钱塘区部分道路": [120.49394, 30.32304, "河庄街道"], "西湖区|五联西苑": [120.09629, 30.2781, "文新街道"], "西湖区|长时间站": [120.1304, 30.25924, "灵隐街道"], "滨江区|路灯暗淡网商路": [120.19282, 30.18653, "长河街道"], "滨江区|公交站小区没有幼儿园": null, "西湖区|位于西湖区竞舟北路": [120.10055, 30.30658, "三墩镇"], "西湖区|我要投诉和家园": [120.06199, 30.2339, "留下街道"], "西湖区|发现西湖区竞舟北路": [120.10055, 30.30658, "三墩镇"], "余杭区|名生活在余杭区的大学": null, "滨江区|省滨江区太阳国际公寓": [120.15988, 30.191, "浦沿街道"], "西湖区|我是西湖区花园北村": [120.13241, 30.28383, "翠苑街道"], "拱墅区|博翠府小区": null, "临平区|州市临平区嘉悦府小区": [120.26898, 30.42018, "临平街道"], "余杭区|于云湖之城外围道路": [120.04178, 30.24589, "五常街道"], "拱墅区|隐患我是拱墅区石桥": [120.19486, 30.32829, "石桥街道"], "拱墅区|运河上街爱心驿站": [120.14262, 30.3184, "拱宸桥街道"], "拱墅区|拱墅区石桥街": [120.1937, 30.32109, "石桥街道"], "上城区|题位于上城区丁兰街": [120.22329, 30.35516, "丁兰街道"], "临平区|汀雨路与永乐街": [120.28849, 30.38812, "乔司街道"], "余杭区|环境污染冶理仓前街": null, "钱塘区|钱塘区大江东宝龙广场": [120.49436, 30.3037, "义蓬街道"]}